sector,Postings
"Investment Banking, Investment Management, and Banking",1
"Accounting, Legal Services, and Law Practice",1
Motor Vehicle Manufacturing,1
Environmental Services,1
Wholesale Furniture and Home Furnishings,1
"Staffing and Recruiting, Retail, and Personal Care Product Manufacturing",1
"Utilities, Construction, and Oil and Gas",1
Retail and Business Consulting and Services,1
IT Services and IT Consulting and Airlines and Aviation,1
Investment Banking,1
Public Relations and Communications Services,1
"Hospitals and Health Care, Hospitals, and Medical Practices",1
Health and Human Services,1
Law Practice,1
Airlines and Aviation,1